my Picks,firstName,lastName,playin,team,seed,player_last,tm_last,gms_std,pts_std,,,
,PJ,Haggerty,FALSE,Memphis,5,3/16/25,3/16/25,34, 	21.8 ,,,
,Donovan,Dent,FALSE,New Mexico,10,3/14/25,3/14/25,33, 	20.6 ,,total picks,0
,Trey,Kaufman-Renn,FALSE,Purdue,4,3/14/25,3/14/25,33, 	20.2 ,,,
,Jacob,Ognacevic,FALSE,Lipscomb,14,3/9/25,3/9/25,34, 	20.1 ,,,
,Tre,Johnson,TRUE,Texas,11,3/14/25,3/14/25,31, 	19.9 ,,write-in:,
,Aniwaniwa,Tait-Jones,FALSE,UC San Diego,12,3/15/25,3/15/25,34, 	19.5 ,,,
,Ryan,Kalkbrenner,FALSE,Creighton,9,3/15/25,3/15/25,33, 	19.4 ,,,
,Kam,Jones,FALSE,Marquette,7,3/14/25,3/14/25,33, 	19.3 ,,,
,Ray'Sean,Taylor,FALSE,SIUE,16,3/8/25,3/8/25,33, 	19.2 ,,,
,Marquel,Sutton,FALSE,Omaha,15,3/9/25,3/9/25,34, 	19.1 ,,,
,John,Poulakidas,FALSE,Yale,13,3/16/25,3/16/25,26, 	19.1 ,,,
,John,Tonje,FALSE,Wisconsin,3,3/16/25,3/16/25,35, 	19.1 ,,,
,Bennett,Stirtz,FALSE,Drake,11,3/9/25,3/9/25,33, 	19.1 ,,,
,"jr.,brian",Moore,FALSE,Norfolk St.,16,3/6/25,3/15/25,31, 	19.0 ,,,
,Cooper,Flagg,FALSE,Duke,1,3/13/25,3/15/25,32, 	18.9 ,,,
,Nique,Clifford,FALSE,Colo. St.,12,3/15/25,3/15/25,68, 	18.8 ,,,
,Johni,Broome,FALSE,Auburn,1,3/15/25,3/15/25,31, 	18.7 ,,,
,Mark,Sears,FALSE,Alabama,2,3/15/25,3/15/25,33, 	18.7 ,,,
,Josh,Hubbard,FALSE,Miss. St.,8,3/13/25,3/13/25,33, 	18.6 ,,,
,Rafael,Pinzon,FALSE,Bryant,15,3/15/25,3/15/25,30, 	18.5 ,,,
,RJ,Luis Jr.,FALSE,St. John's,2,3/15/25,3/15/25,33, 	18.2 ,,,
,Jt,Toppin,FALSE,Texas Tech,3,3/14/25,3/14/25,28, 	18.1 ,,,
,Chaz,Lanier,FALSE,Tennessee,2,3/16/25,3/16/25,34, 	17.7 ,,,
,Walter,Clayton jr.,FALSE,Florida,1,3/16/25,3/16/25,33, 	17.5 ,,,
,Hunter,Dickinson,FALSE,Kansas,7,3/13/25,3/13/25,32, 	17.4 ,,,
,Zach,Freemantle,TRUE,Xavier,11,3/13/25,3/13/25,29, 	17.3 ,,,
,Curtis,Jones,FALSE,Iowa St.,3,3/13/25,3/13/25,32, 	17.1 ,,,
,Graham,Ike,FALSE,Gonzaga,8,3/11/25,3/11/25,33, 	17.1 ,,,
,RJ,Davis,TRUE,North Carolina,11,3/14/25,3/14/25,35, 	17.0 ,,,
,Matt,Rogers,TRUE,American,16,3/12/25,3/12/25,34, 	16.9 ,,,
,Jason,Edwards,FALSE,Vanderbilt,10,3/8/25,3/8/25,31, 	16.9 ,,,
,Ryan,Conwell,TRUE,Xavier,11,3/13/25,3/13/25,32, 	16.8 ,,,
,Ian,Martinez,FALSE,Utah St.,10,3/15/25,3/15/25,32, 	16.8 ,,,
,Jeremiah,Fears,FALSE,Oklahoma,9,3/13/25,3/13/25,33, 	16.8 ,,,
,Vladislav,Goldin,FALSE,Michigan,5,3/16/25,3/16/25,34, 	16.7 ,,,
,Caleb,Love,FALSE,Arizona,4,3/15/25,3/15/25,34, 	16.6 ,,,
,Tyler,McGhie,FALSE,UC San Diego,12,3/15/25,3/15/25,34, 	16.4 ,,,
,Chase,Hunter,FALSE,Clemson,5,3/14/25,3/14/25,33, 	16.3 ,,,
,Steven,Ashworth,FALSE,Creighton,9,3/15/25,3/15/25,33, 	16.3 ,,,
,Terrence,Edwards Jr.,FALSE,Louisville,8,3/15/25,3/15/25,34, 	16.2 ,,,
,Otega,Oweh,FALSE,Kentucky,3,3/14/25,3/14/25,33, 	16.2 ,,,
,Derik,Queen,FALSE,Maryland,4,3/15/25,3/15/25,33, 	16.2 ,,,
,Braden,Smith,FALSE,Purdue,4,3/14/25,3/14/25,33, 	16.1 ,,,
,Richie,Saunders,FALSE,BYU,6,3/14/25,3/14/25,32, 	16.0 ,,,
,Chucky,Hepburn,FALSE,Louisville,8,3/15/25,3/15/25,33, 	16.0 ,,,
,Jalon,Moore,FALSE,Oklahoma,9,3/13/25,3/13/25,33, 	16.0 ,,,
,Norchad,Omier,FALSE,Baylor,9,3/13/25,3/13/25,33, 	15.8 ,,,
,Wade,Taylor IV,FALSE,Texas A&M,4,3/13/25,3/13/25,28, 	15.7 ,,,
,Adou,Thiero,FALSE,Arkansas,10,2/22/25,3/13/25,26, 	15.5 ,,,
,John,Blackwell,FALSE,Wisconsin,3,3/16/25,3/16/25,35, 	15.5 ,,,
,Earl,Timberlake,FALSE,Bryant,15,3/15/25,3/15/25,32, 	15.5 ,,,
,Nick,Townsend,FALSE,Yale,13,3/16/25,3/16/25,29, 	15.4 ,,,
,Asa,Newell,FALSE,Georgia,9,3/12/25,3/12/25,32, 	15.3 ,,,
,Lj,Cryer,FALSE,Houston,1,3/15/25,3/15/25,34, 	15.1 ,,,
,Max,Shulga,FALSE,VCU,11,3/16/25,3/16/25,34, 	15.1 ,,,
,Joe,Bamisile,FALSE,VCU,11,3/16/25,3/16/25,34, 	15.1 ,,,
,Amarr,Knox,TRUE,Alabama St.,16,3/8/25,3/8/25,31, 	15.0 ,,,
,Kam,Woods,FALSE,Robert Morris,15,3/11/25,3/11/25,29, 	15.0 ,,,
,Juan,"Cranford, Jr.",TRUE,St. Fran.-Pa.,16,3/11/25,3/11/25,3, 	15.0 ,,,
,Kasparas,Jakucionis,FALSE,Illinois,6,3/14/25,3/14/25,31, 	15.0 ,,,
,Mason,Falslev,FALSE,Utah St.,10,3/15/25,3/15/25,32, 	14.9 ,,,
,Boogie,Fland,FALSE,Arkansas,10,1/18/25,3/13/25,18, 	14.9 ,,,
,Sean,Pedulla,FALSE,Ole Miss,6,3/14/25,3/14/25,33, 	14.8 ,,,
,V.J.,Edgecombe,FALSE,Baylor,9,3/13/25,3/13/25,31, 	14.8 ,,,
,JaKobe,Coles,FALSE,Grand Canyon,13,3/15/25,3/15/25,33, 	14.8 ,,,
,Solo,Ball,FALSE,UConn,8,3/14/25,3/14/25,33, 	14.6 ,,,
,Ja'Kobi,Gillespie,FALSE,Maryland,4,3/15/25,3/15/25,33, 	14.6 ,,,
,Donovan,Newby,FALSE,UNCW,14,3/11/25,3/11/25,34, 	14.6 ,,,
,Tyon,Grant-Foster,FALSE,Grand Canyon,13,3/15/25,3/15/25,25, 	14.5 ,,,
,Liam,McNeeley,FALSE,UConn,8,3/14/25,3/14/25,25, 	14.5 ,,,
,Zuby,Ejiofor,FALSE,St. John's,2,3/15/25,3/15/25,34, 	14.4 ,,,
,Kezza,Giffa,FALSE,High Point,13,3/9/25,3/9/25,33, 	14.4 ,,,
,Alijah,Martin,FALSE,Florida,1,3/16/25,3/16/25,32, 	14.4 ,,,
,Alex,Karaban,FALSE,UConn,8,3/14/25,3/14/25,31, 	14.4 ,,,
,Kon,Knueppel,FALSE,Duke,1,3/15/25,3/15/25,34, 	14.4 ,,,
,Augustas,Marciulionis,FALSE,Saint Mary's,7,3/11/25,3/11/25,33, 	14.3 ,,,
,Tayton,Conerway,FALSE,Troy,14,3/10/25,3/10/25,33, 	14.3 ,,,
,Corey,Tripp,FALSE,Wofford,15,3/10/25,3/10/25,33, 	14.3 ,,,
,Dain,Dainja,FALSE,Memphis,5,3/16/25,3/16/25,34, 	14.2 ,,,
,Cj,Hines,TRUE,Alabama St.,16,3/8/25,3/8/25,30, 	14.2 ,,,
,Darrion,Williams,FALSE,Texas Tech,3,3/13/25,3/14/25,29, 	14.2 ,,,
,Nate,Bittle,FALSE,Oregon,5,3/14/25,3/14/25,33, 	14.1 ,,,
,Alvaro,Folgueiras,FALSE,Robert Morris,15,3/11/25,3/11/25,34, 	14.1 ,,,
,Zhuric,Phelps,FALSE,Texas A&M,4,3/13/25,3/13/25,31, 	14.1 ,,,
,Mark,Mitchell,FALSE,Missouri,6,3/13/25,3/14/25,32, 	14.1 ,,,
,Chance,McMillian,FALSE,Texas Tech,3,3/13/25,3/14/25,29, 	14.0 ,,,
,Nelly,Joseph,FALSE,New Mexico,10,3/14/25,3/14/25,33, 	14.0 ,,,
,Zeke,Mayo,FALSE,Kansas,7,3/13/25,3/13/25,32, 	14.0 ,,,
,Nate,Johnson,FALSE,Akron,13,3/15/25,3/15/25,34, 	13.9 ,,,
,Rodney,Rice,FALSE,Maryland,4,3/15/25,3/15/25,33, 	13.9 ,,,
,Fletcher,Loyer,FALSE,Purdue,4,3/14/25,3/14/25,33, 	13.8 ,,,
,David,Joplin,FALSE,Marquette,7,3/14/25,3/14/25,33, 	13.8 ,,,
,Caleb,Grill,FALSE,Missouri,6,3/14/25,3/14/25,28, 	13.7 ,,,
,JJ,White,FALSE,Omaha,15,3/9/25,3/9/25,34, 	13.7 ,,,
,Tyrese,Hunter,FALSE,Memphis,5,3/15/25,3/16/25,32, 	13.7 ,,,
,Zakai,Zeigler,FALSE,Tennessee,2,3/16/25,3/16/25,33, 	13.6 ,,,
,Tyler,Bilodeau,FALSE,UCLA,7,3/14/25,3/14/25,31, 	13.6 ,,,
,Taelon,Peter,FALSE,Liberty,12,3/15/25,3/15/25,34, 	13.6 ,,,
,Will,Richard,FALSE,Florida,1,3/16/25,3/16/25,34, 	13.5 ,,,
,Barry,Evans,FALSE,Bryant,15,3/15/25,3/15/25,32, 	13.5 ,,,
,Money,Williams,FALSE,Montana,14,3/12/25,3/12/25,33, 	13.5 ,,,
,Nick,Boyd,TRUE,San Diego St.,11,3/13/25,3/13/25,30, 	13.4 ,,,
,Riley,Parker,TRUE,St. Fran.-Pa.,16,3/11/25,3/11/25,33, 	13.4 ,,,
,Bez,Mbeng,FALSE,Yale,13,3/16/25,3/16/25,28, 	13.4 ,,,
,Keshon,Gilbert,FALSE,Iowa St.,3,3/12/25,3/13/25,29, 	13.4 ,,,
,Silas,Demary Jr.,FALSE,Georgia,9,3/12/25,3/12/25,32, 	13.4 ,,,
,Tamar,Bates,FALSE,Missouri,6,3/14/25,3/14/25,33, 	13.4 ,,,
,Kaden,Metheny,FALSE,Liberty,12,3/15/25,3/15/25,33, 	13.4 ,,,
,Reyne,Smith,FALSE,Louisville,8,3/5/25,3/15/25,30, 	13.3 ,,,
,Jackson,Shelstad,FALSE,Oregon,5,3/14/25,3/14/25,33, 	13.2 ,,,
,Will,Pruitt,FALSE,Lipscomb,14,3/9/25,3/9/25,34, 	13.2 ,,,
,D'Maurian,Williams,FALSE,High Point,13,3/9/25,3/9/25,31, 	13.2 ,,,
,Dola,Adebayo,TRUE,Mt St Mary's,16,3/15/25,3/15/25,34, 	13.2 ,,,
,Khalif,Battle,FALSE,Gonzaga,8,3/11/25,3/11/25,33, 	13.2 ,,,
,Julian,Reese,FALSE,Maryland,4,3/15/25,3/15/25,33, 	13.1 ,,,
,Danny,Wolf,FALSE,Michigan,5,3/16/25,3/16/25,34, 	13.1 ,,,
,Kimani,Hamilton,FALSE,High Point,13,3/9/25,3/9/25,34, 	13.1 ,,,
,Jaxson,Robinson,FALSE,Kentucky,3,2/26/25,3/14/25,24, 	13.0 ,,,
,Tavari,Johnson,FALSE,Akron,13,3/15/25,3/15/25,34, 	13.0 ,,,
,Brian,"Moore, Jr.",FALSE,Norfolk St.,16,3/15/25,3/15/25,3, 	13.0 ,,,
,Joshua,Jefferson,FALSE,Iowa St.,3,3/13/25,3/13/25,33, 	13.0 ,,,
,Amarion,Dickerson,FALSE,Robert Morris,15,3/11/25,3/11/25,34, 	12.9 ,,,
,Javohn,Garcia,FALSE,McNeese,12,3/12/25,3/12/25,33, 	12.9 ,,,
,Antonio tj,Madlock,TRUE,Alabama St.,16,3/8/25,3/8/25,29, 	12.9 ,,,
,Malik,Moore,FALSE,Montana,14,3/12/25,3/12/25,29, 	12.8 ,,,
,Ian,Schieffelin,FALSE,Clemson,5,3/14/25,3/14/25,33, 	12.7 ,,,
,Jaden,Akins,FALSE,Mich. St.,2,3/15/25,3/15/25,33, 	12.7 ,,,
,Kadary,Richmond,FALSE,St. John's,2,3/15/25,3/15/25,34, 	12.6 ,,,
,Emanuel,Sharp,FALSE,Houston,1,3/15/25,3/15/25,31, 	12.6 ,,,
,Miles,Byrd,TRUE,San Diego St.,11,3/13/25,3/13/25,29, 	12.6 ,,,
,Chad,Baker-mazara,FALSE,Auburn,1,3/15/25,3/15/25,33, 	12.5 ,,,
,Will,Riley,FALSE,Illinois,6,3/14/25,3/14/25,33, 	12.5 ,,,
,Dallas,Hobbs,TRUE,Mt St Mary's,16,3/15/25,3/15/25,28, 	12.5 ,,,
,Tomislav,Ivisic,FALSE,Illinois,6,3/14/25,3/14/25,30, 	12.5 ,,,
,Paulius,Murauskas,FALSE,Saint Mary's,7,3/11/25,3/11/25,33, 	12.5 ,,,
,Arthur,Kaluma,TRUE,Texas,11,3/14/25,3/14/25,31, 	12.5 ,,,
,Joe,Anderson,FALSE,Lipscomb,14,3/9/25,3/9/25,34, 	12.5 ,,,
,Ian,Jackson,TRUE,North Carolina,11,3/14/25,3/14/25,34, 	12.4 ,,,
,Tony,Osburn,FALSE,Omaha,15,3/9/25,3/9/25,33, 	12.2 ,,,
,Sincere,Parker,FALSE,McNeese,12,3/12/25,3/12/25,32, 	12.1 ,,,
,Myles,Rigsby,FALSE,Troy,14,3/10/25,3/10/25,32, 	12.0 ,,,
,Jase,Richardson,FALSE,Mich. St.,2,3/15/25,3/15/25,32, 	12.0 ,,,
,J'Vonne,Hadley,FALSE,Louisville,8,3/15/25,3/15/25,34, 	12.0 ,,,
,Tyrese,Proctor,FALSE,Duke,1,3/15/25,3/15/25,33, 	12.0 ,,,
,Selton,Miguel,FALSE,Maryland,4,3/15/25,3/15/25,33, 	12.0 ,,,
,Kyler,Filewich,FALSE,Wofford,15,3/10/25,3/10/25,34, 	11.9 ,,,
,Christian,Ings,FALSE,Norfolk St.,16,3/15/25,3/15/25,32, 	11.9 ,,,
,Kylan,Boswell,FALSE,Illinois,6,3/14/25,3/14/25,33, 	11.9 ,,,
,Grant,Nelson,FALSE,Alabama,2,3/15/25,3/15/25,33, 	11.8 ,,,
,Brian,Taylor,FALSE,SIUE,16,3/8/25,3/8/25,33, 	11.8 ,,,
,Jaden,Bradley,FALSE,Arizona,4,3/15/25,3/15/25,34, 	11.8 ,,,
,KeShawn,Murphy,FALSE,Miss. St.,8,3/13/25,3/13/25,33, 	11.7 ,,,
,Ray,Harrison,FALSE,Grand Canyon,13,3/15/25,3/15/25,33, 	11.6 ,,,
,Eric,Dailey Jr.,FALSE,UCLA,7,3/14/25,3/14/25,31, 	11.6 ,,,
,Khamari,McGriff,FALSE,UNCW,14,3/11/25,3/11/25,33, 	11.6 ,,,
,Joe,Pridgen,FALSE,Montana,14,3/12/25,3/12/25,33, 	11.6 ,,,
,Alex,Condon,FALSE,Florida,1,3/16/25,3/16/25,30, 	11.6 ,,,
,Seth,Trimble,TRUE,North Carolina,11,3/14/25,3/14/25,32, 	11.6 ,,,
,Gyasi,Powell,FALSE,Lipscomb,14,3/9/25,3/9/25,34, 	11.6 ,,,
,Viktor,Lakhin,FALSE,Clemson,5,3/14/25,3/14/25,33, 	11.6 ,,,
,Miles,Kelly,FALSE,Auburn,1,3/15/25,3/15/25,33, 	11.5 ,,,
,Milos,Uzan,FALSE,Houston,1,3/15/25,3/15/25,34, 	11.5 ,,,
,Tre,Donaldson,FALSE,Michigan,5,3/16/25,3/16/25,34, 	11.5 ,,,
,Jamiya,Neal,FALSE,Creighton,9,3/15/25,3/15/25,34, 	11.5 ,,,
,Lamont,Butler,FALSE,Kentucky,3,3/13/25,3/14/25,24, 	11.5 ,,,
,Koby,Brea,FALSE,Kentucky,3,3/14/25,3/14/25,33, 	11.5 ,,,
,Ring,Malith,FALSE,SIUE,16,3/8/25,3/8/25,33, 	11.5 ,,,
,Aden,Holloway,FALSE,Alabama,2,3/15/25,3/15/25,33, 	11.4 ,,,
,Milan,Momcilovic,FALSE,Iowa St.,3,3/13/25,3/13/25,26, 	11.4 ,,,
,Josh,Omojafo,FALSE,Robert Morris,15,3/11/25,3/11/25,33, 	11.4 ,,,
,Connor,Withers,FALSE,Bryant,15,3/15/25,3/15/25,34, 	11.3 ,,,
,Jaeden,Zackery,FALSE,Clemson,5,3/14/25,3/14/25,33, 	11.3 ,,,
,Mustapha,Amzil,FALSE,New Mexico,10,3/14/25,3/14/25,30, 	11.3 ,,,
,Jordan,Gainey,FALSE,Tennessee,2,3/16/25,3/16/25,34, 	11.3 ,,,
,Robert,Wright,FALSE,Baylor,9,3/13/25,3/13/25,33, 	11.2 ,,,
,Tru,Washington,FALSE,New Mexico,10,3/14/25,3/14/25,32, 	11.2 ,,,
,Hayden,Gray,FALSE,UC San Diego,12,3/15/25,3/15/25,34, 	11.2 ,,,
,Dillon,Bailey,FALSE,Wofford,15,3/10/25,3/10/25,34, 	11.2 ,,,
,Johnell,Davis,FALSE,Arkansas,10,3/13/25,3/13/25,31, 	11.2 ,,,
,Jordan,Pope,TRUE,Texas,11,3/14/25,3/14/25,33, 	11.1 ,,,
,D.J.,Wagner,FALSE,Arkansas,10,3/13/25,3/13/25,33, 	11.1 ,,,
,Tre,White,FALSE,Illinois,6,3/14/25,3/14/25,29, 	11.0 ,,,
,Tahaad,Pettiford,FALSE,Auburn,1,3/15/25,3/15/25,33, 	11.0 ,,,
,Amari,Williams,FALSE,Kentucky,3,3/14/25,3/14/25,33, 	11.0 ,,,
,Nolan,Hickman,FALSE,Gonzaga,8,3/11/25,3/11/25,33, 	11.0 ,,,
,Jalen,Lake,FALSE,Colo. St.,12,3/15/25,3/15/25,68, 	11.0 ,,,
,Jalen,Lake,FALSE,Colo. St.,12,3/15/25,3/15/25,68, 	11.0 ,,,
,Kj,Lewis,FALSE,Arizona,4,3/15/25,3/15/25,34, 	10.9 ,,,
,Labaron,Philon,FALSE,Alabama,2,3/15/25,3/15/25,33, 	10.9 ,,,
,Zach,Cleveland,FALSE,Liberty,12,3/15/25,3/15/25,31, 	10.9 ,,,
,Stevie,Mitchell,FALSE,Marquette,7,3/14/25,3/14/25,33, 	10.9 ,,,
,Terrell,Ard jr.,TRUE,Mt St Mary's,16,2/28/25,3/15/25,20, 	10.9 ,,,
,Jaemyn,Brakefield,FALSE,Ole Miss,6,3/14/25,3/14/25,33, 	10.8 ,,,
,Braden,Huff,FALSE,Gonzaga,8,3/11/25,3/11/25,33, 	10.8 ,,,
,J'Wan,Roberts,FALSE,Houston,1,3/13/25,3/15/25,31, 	10.8 ,,,
,Ryan,Nembhard,FALSE,Gonzaga,8,3/11/25,3/11/25,33, 	10.8 ,,,
,Tamin,Lipsey,FALSE,Iowa St.,3,3/12/25,3/13/25,32, 	10.8 ,,,
,Christian,Anderson,FALSE,Texas Tech,3,3/14/25,3/14/25,31, 	10.8 ,,,
,Kai,Johnson,FALSE,Montana,14,3/12/25,3/12/25,33, 	10.7 ,,,
,Denver,Jones,FALSE,Auburn,1,3/15/25,3/15/25,32, 	10.7 ,,,
,Chase,Ross,FALSE,Marquette,7,3/14/25,3/14/25,33, 	10.7 ,,,
,Duke,Brennan,FALSE,Grand Canyon,13,3/15/25,3/15/25,29, 	10.7 ,,,
,Mitchell,Saxen,FALSE,Saint Mary's,7,3/11/25,3/11/25,33, 	10.6 ,,,
,Malik,Dia,FALSE,Ole Miss,6,3/14/25,3/14/25,33, 	10.6 ,,,
,Jalen,Myers,FALSE,Norfolk St.,16,3/15/25,3/15/25,30, 	10.6 ,,,
,Matthew,Murrell,FALSE,Ole Miss,6,3/14/25,3/14/25,29, 	10.6 ,,,
,Jaylen,Murray,FALSE,Ole Miss,6,3/14/25,3/14/25,33, 	10.6 ,,,
,Phillip,Russell,FALSE,VCU,11,3/16/25,3/16/25,33, 	10.6 ,,,
,Nordin,Kapic,FALSE,UC San Diego,12,3/15/25,3/15/25,33, 	10.6 ,,,
,Christian,Shumate,FALSE,McNeese,12,3/12/25,3/12/25,33, 	10.5 ,,,
,Dailyn,Swain,TRUE,Xavier,11,3/13/25,3/13/25,32, 	10.5 ,,,
,Andrew,Carr,FALSE,Kentucky,3,3/14/25,3/14/25,32, 	10.5 ,,,
,Dylan,Faulkner,FALSE,Lipscomb,14,1/11/25,3/9/25,15, 	10.5 ,,,
,Elijah,Stephens,TRUE,American,16,3/12/25,3/12/25,30, 	10.5 ,,,
,Colby,Rogers,FALSE,Memphis,5,3/16/25,3/16/25,34, 	10.4 ,,,
,Daniel,Abreu,FALSE,Drake,11,3/9/25,3/9/25,33, 	10.4 ,,,
,Devin,Mcglockton,FALSE,Vanderbilt,10,3/8/25,3/8/25,31, 	10.4 ,,,
,Zeb,Jackson,FALSE,VCU,11,3/16/25,3/16/25,29, 	10.4 ,,,
,TJ,Bamba,FALSE,Oregon,5,3/14/25,3/14/25,33, 	10.4 ,,,
,Dre,Davis,FALSE,Ole Miss,6,3/14/25,3/14/25,31, 	10.4 ,,,
,Tyler,Nickel,FALSE,Vanderbilt,10,3/8/25,3/8/25,31, 	10.4 ,,,
,Egor,Demin,FALSE,BYU,6,3/14/25,3/14/25,30, 	10.3 ,,,
,Jeremy,Roach,FALSE,Baylor,9,3/13/25,3/13/25,27, 	10.2 ,,,
,Kyan,Evans,FALSE,Colo. St.,12,3/15/25,3/15/25,68, 	10.1 ,,,
,Kyan,Evans,FALSE,Colo. St.,12,3/15/25,3/15/25,68, 	10.1 ,,,
,DJ,Richards,FALSE,McNeese,12,3/12/25,3/12/25,33, 	10.1 ,,,
,Tramon,Mark,TRUE,Texas,11,3/14/25,3/14/25,27, 	10.1 ,,,
,Keeshawn,Barthelemy,FALSE,Oregon,5,3/14/25,3/14/25,33, 	10.1 ,,,
,Valentino,Pinedo,TRUE,St. Fran.-Pa.,16,3/11/25,3/11/25,28, 	10.0 ,,,
,Sebastian,Mack,FALSE,UCLA,7,3/14/25,3/14/25,32, 	10.0 ,,,
,Igor,Milicic jr.,FALSE,Tennessee,2,3/16/25,3/16/25,33, 	10.0 ,,,
,Greg,Jones,TRUE,American,16,3/12/25,3/12/25,32, 	10.0 ,,,
,Jedy,Cordilia,TRUE,Mt St Mary's,16,3/15/25,3/15/25,33, 	10.0 ,,,
,Chris,Youngblood,FALSE,Alabama,2,3/15/25,3/15/25,24, 	10.0 ,,,
,A.j.,Hoggard,FALSE,Vanderbilt,10,3/8/25,3/8/25,30, 	9.8 ,,,
,Mitch,Mascari,FALSE,Drake,11,3/9/25,3/9/25,33, 	9.8 ,,,
,Luke,Barrett,FALSE,Saint Mary's,7,3/11/25,3/11/25,33, 	9.8 ,,,
,Thomas,Dowd,FALSE,Troy,14,3/10/25,3/10/25,33, 	9.8 ,,,
,Nimari,Burnett,FALSE,Michigan,5,3/16/25,3/16/25,34, 	9.7 ,,,
,Tavion,Banks,FALSE,Drake,11,3/9/25,3/9/25,32, 	9.7 ,,,
,Colin,Smalls,TRUE,American,16,3/12/25,3/12/25,32, 	9.7 ,,,
,Tarris,Reed Jr.,FALSE,UConn,8,3/14/25,3/14/25,33, 	9.7 ,,,
,Steven,Crowl,FALSE,Wisconsin,3,3/16/25,3/16/25,35, 	9.6 ,,,
,Blue,Cain,FALSE,Georgia,9,3/12/25,3/12/25,32, 	9.6 ,,,
,Isaiah,Gray,FALSE,Akron,13,3/15/25,3/15/25,34, 	9.6 ,,,
,Jack,Clark,FALSE,VCU,11,3/16/25,3/16/25,34, 	9.6 ,,,
,Dakota,Leffew,FALSE,Georgia,9,3/12/25,3/12/25,31, 	9.5 ,,,
,Duke,Miles,FALSE,Oklahoma,9,3/13/25,3/13/25,33, 	9.5 ,,,
,Justin,Bailey,FALSE,Wofford,15,3/10/25,3/10/25,33, 	9.5 ,,,
,Elliot,Cadeau,TRUE,North Carolina,11,3/14/25,3/14/25,35, 	9.5 ,,,
,Nolan,Winter,FALSE,Wisconsin,3,3/16/25,3/16/25,35, 	9.5 ,,,
,Henri,Veesaar,FALSE,Arizona,4,3/15/25,3/15/25,34, 	9.5 ,,,
,"jr.,juan",Cranford,TRUE,St. Fran.-Pa.,16,3/1/25,3/11/25,30, 	9.5 ,,,
,Brandon,Whitney,FALSE,Montana,14,3/12/25,3/12/25,33, 	9.5 ,,,
,Dayvion,McKnight,TRUE,Xavier,11,3/13/25,3/13/25,32, 	9.4 ,,,
,Pharrel,Payne,FALSE,Texas A&M,4,3/13/25,3/13/25,32, 	9.4 ,,,
,Carmelo,Pacheco,TRUE,Mt St Mary's,16,3/8/25,3/15/25,30, 	9.4 ,,,
,Max,Klesmit,FALSE,Wisconsin,3,3/16/25,3/16/25,31, 	9.4 ,,,
,Ben,Gregg,FALSE,Gonzaga,8,3/11/25,3/11/25,33, 	9.4 ,,,
,Shammah,Scott,FALSE,Akron,13,3/15/25,3/15/25,33, 	9.4 ,,,
,Thomas,Haugh,FALSE,Florida,1,3/16/25,3/16/25,34, 	9.4 ,,,
,Roddy,Gayle Jr.,FALSE,Michigan,5,3/16/25,3/16/25,33, 	9.3 ,,,
,Zvonimir,Ivisic,FALSE,Arkansas,10,3/13/25,3/13/25,32, 	9.3 ,,,
,Harlan,Obioha,FALSE,UNCW,14,3/11/25,3/11/25,34, 	9.3 ,,,
,Jackson,Sivills,FALSE,Wofford,15,3/10/25,3/10/25,32, 	9.3 ,,,
,Dajuan,Harris Jr.,FALSE,Kansas,7,3/13/25,3/13/25,31, 	9.2 ,,,
,Anthony,Robinson II,FALSE,Missouri,6,3/14/25,3/14/25,32, 	9.2 ,,,
,Chaney,Johnson,FALSE,Auburn,1,3/15/25,3/15/25,33, 	9.2 ,,,
,Claudell,Harris Jr.,FALSE,Miss. St.,8,3/13/25,3/13/25,33, 	9.2 ,,,
,Deivon,Smith,FALSE,St. John's,2,3/15/25,3/15/25,28, 	9.1 ,,,
,Bo,Montgomery,FALSE,UNCW,14,3/11/25,3/11/25,34, 	9.1 ,,,
,Riley,Kugel,FALSE,Miss. St.,8,3/13/25,3/13/25,32, 	9.1 ,,,
,Colin,Porter,FALSE,Liberty,12,3/15/25,3/15/25,34, 	9.1 ,,,
,Elijah,Hawkins,FALSE,Texas Tech,3,3/14/25,3/14/25,31, 	9.1 ,,,
,Lance,Waddles,FALSE,Omaha,15,3/9/25,3/9/25,34, 	9.1 ,,,
,Trevin,Knell,FALSE,BYU,6,3/14/25,3/14/25,33, 	9.0 ,,,
,D.J.,Smith,FALSE,Robert Morris,15,3/11/25,3/11/25,34, 	9.0 ,,,
,BJ,Davis,TRUE,San Diego St.,11,3/13/25,3/13/25,30, 	9.0 ,,,
,Tre,Holloman,FALSE,Mich. St.,2,3/15/25,3/15/25,33, 	9.0 ,,,
,Quadir,Copeland,FALSE,McNeese,12,3/12/25,3/12/25,33, 	9.0 ,,,
,Jayden,Nunn,FALSE,Baylor,9,3/13/25,3/13/25,32, 	9.0 ,,,
,Jaylen,Crocker-Johnson,FALSE,Colo. St.,12,3/15/25,3/15/25,68, 	8.9 ,,,
,Jaylen,Crocker-Johnson,FALSE,Colo. St.,12,3/15/25,3/15/25,68, 	8.9 ,,,
,Te'Jon,Sawyer,FALSE,Montana,14,3/12/25,3/12/25,32, 	8.9 ,,,
,RJ,Melendez,FALSE,Miss. St.,8,3/13/25,3/13/25,33, 	8.8 ,,,
,Jayvon,Maughmer,FALSE,Liberty,12,3/15/25,3/15/25,34, 	8.8 ,,,
,KJ,Adams,FALSE,Kansas,7,3/13/25,3/13/25,21, 	8.8 ,,,
,Owen,Aquino,FALSE,Liberty,12,3/15/25,3/15/25,34, 	8.8 ,,,
,Sean,Moore,FALSE,UNCW,14,3/11/25,3/11/25,34, 	8.8 ,,,
,Joe,Charles,FALSE,McNeese,12,3/12/25,3/12/25,31, 	8.7 ,,,
,Bobby,Pettiford,FALSE,High Point,13,3/9/25,3/9/25,29, 	8.7 ,,,
,Casey,Simmons,FALSE,Yale,13,3/16/25,3/16/25,28, 	8.7 ,,,
,Tony,Perkins,FALSE,Missouri,6,3/14/25,3/14/25,31, 	8.7 ,,,
,Sion,James,FALSE,Duke,1,3/15/25,3/15/25,34, 	8.7 ,,,
,Kadin,Shedrick,TRUE,Texas,11,3/14/25,3/14/25,33, 	8.7 ,,,
,Dishon,Jackson,FALSE,Iowa St.,3,3/13/25,3/13/25,33, 	8.6 ,,,
,Fousseyni,Traore,FALSE,BYU,6,3/14/25,3/14/25,33, 	8.6 ,,,
,Aaron,Scott,FALSE,St. John's,2,3/15/25,3/15/25,34, 	8.5 ,,,
,Keyshawn,Mitchell,FALSE,Bryant,15,3/15/25,3/15/25,34, 	8.5 ,,,
,Tyrin,Lawrence,FALSE,Georgia,9,3/12/25,3/12/25,29, 	8.5 ,,,
,Dexter,Akanno,FALSE,Utah St.,10,3/15/25,3/15/25,32, 	8.5 ,,,
,Mikey,Lewis,FALSE,Saint Mary's,7,3/11/25,3/11/25,33, 	8.5 ,,,
,Brandon,Angel,FALSE,Oregon,5,3/14/25,3/14/25,33, 	8.5 ,,,
,Bobby,Rosenberger,TRUE,St. Fran.-Pa.,16,3/11/25,3/11/25,33, 	8.5 ,,,
,Magoon,Gwath,TRUE,San Diego St.,11,2/22/25,3/13/25,25, 	8.5 ,,,
,Ven-Allen,Lubin,TRUE,North Carolina,11,3/14/25,3/14/25,35, 	8.5 ,,,
,Jaylen,Carey,FALSE,Vanderbilt,10,3/8/25,3/8/25,31, 	8.4 ,,,
,Langston,Love,FALSE,Baylor,9,3/12/25,3/13/25,18, 	8.4 ,,,
,Khaman,Maluach,FALSE,Duke,1,3/15/25,3/15/25,34, 	8.3 ,,,
,Makaih,Williams,FALSE,Grand Canyon,13,3/15/25,3/15/25,33, 	8.3 ,,,
,Ryan,Prather Jr.,FALSE,Robert Morris,15,3/11/25,3/11/25,34, 	8.3 ,,,
,Trey,Townsend,FALSE,Arizona,4,3/15/25,3/15/25,32, 	8.3 ,,,
,Chauncey,Wiggins,FALSE,Clemson,5,3/14/25,3/14/25,33, 	8.3 ,,,
,Daemar,Kelly,TRUE,St. Fran.-Pa.,16,3/11/25,3/11/25,33, 	8.2 ,,,
,Tobe,Awaka,FALSE,Arizona,4,3/15/25,3/15/25,34, 	8.2 ,,,
,Chris,Fields Jr.,FALSE,Norfolk St.,16,3/15/25,3/15/25,23, 	8.2 ,,,
,Noah,Ross,FALSE,UNCW,14,3/11/25,3/11/25,30, 	8.1 ,,,
,Kobe,Johnson,FALSE,UCLA,7,3/14/25,3/14/25,32, 	8.1 ,,,
,Jordan,Ross,FALSE,Saint Mary's,7,3/11/25,3/11/25,33, 	8.1 ,,,
,Brycen,Goodine,FALSE,Oklahoma,9,3/13/25,3/13/25,30, 	8.1 ,,,
,Kevin,Overton,FALSE,Texas Tech,3,3/14/25,3/14/25,31, 	8.1 ,,,
,Lok,Wur,FALSE,Grand Canyon,13,3/15/25,3/15/25,33, 	8.1 ,,,
,Denzel,Aberdeen,FALSE,Florida,1,3/16/25,3/16/25,33, 	8.0 ,,,
,Simeon,Wilcher,FALSE,St. John's,2,3/15/25,3/15/25,34, 	8.0 ,,,
,Jaxon,Kohler,FALSE,Mich. St.,2,3/15/25,3/15/25,33, 	8.0 ,,,
,Ben,Humrichous,FALSE,Illinois,6,3/14/25,3/14/25,33, 	8.0 ,,,
,Skyy,Clark,FALSE,UCLA,7,3/14/25,3/14/25,32, 	8.0 ,,,
,CJ,Noland,FALSE,New Mexico,10,3/14/25,3/14/25,32, 	8.0 ,,,
,Mj,Collins,FALSE,Vanderbilt,10,3/4/25,3/8/25,30, 	7.9 ,,,
,Hassan,Diarra,FALSE,UConn,8,3/14/25,3/14/25,33, 	7.9 ,,,
,Kobe,Elvis,FALSE,Oklahoma,9,3/13/25,3/13/25,33, 	7.9 ,,,
,Jeremy,Lorenz,FALSE,Wofford,15,3/10/25,3/10/25,34, 	7.9 ,,,
,Jackson,Fields,FALSE,Troy,14,3/10/25,3/10/25,33, 	7.9 ,,,
,Karter,Knox,FALSE,Arkansas,10,3/13/25,3/13/25,33, 	7.8 ,,,
,Kvonn,Cramer,FALSE,Bryant,15,3/15/25,3/15/25,33, 	7.8 ,,,
,Ja'Sean,Glover,FALSE,Omaha,15,3/9/25,3/9/25,34, 	7.8 ,,,
,Henry,Coleman III,FALSE,Texas A&M,4,3/13/25,3/13/25,32, 	7.8 ,,,
,Collin,Moore,FALSE,Grand Canyon,13,3/15/25,3/15/25,32, 	7.8 ,,,
,Jeremy,Clayville,TRUE,St. Fran.-Pa.,16,3/11/25,3/11/25,31, 	7.7 ,,,
,Amani,Lyles,FALSE,Akron,13,3/15/25,3/15/25,33, 	7.7 ,,,
,Coen,Carr,FALSE,Mich. St.,2,3/15/25,3/15/25,33, 	7.7 ,,,
,Deyton,Albury,FALSE,Utah St.,10,3/15/25,3/15/25,32, 	7.7 ,,,
,Samson,Aletan,FALSE,Yale,13,3/16/25,3/16/25,29, 	7.7 ,,,
,Jackson,McAndrew,FALSE,Creighton,9,3/15/25,3/15/25,34, 	7.6 ,,,
,Clifford,Omoruyi,FALSE,Alabama,2,3/15/25,3/15/25,33, 	7.6 ,,,
,Marcus,Foster,TRUE,Xavier,11,3/13/25,3/13/25,32, 	7.6 ,,,
,Sharron,Young,FALSE,Akron,13,3/15/25,3/15/25,34, 	7.6 ,,,
,Kanon,Catchings,FALSE,BYU,6,3/1/25,3/14/25,29, 	7.6 ,,,
,Dawson,Baker,FALSE,BYU,6,3/14/25,3/14/25,33, 	7.6 ,,,
,Isaiah,Evans,FALSE,Duke,1,3/15/25,3/15/25,31, 	7.5 ,,,
,Drake,Powell,TRUE,North Carolina,11,3/14/25,3/14/25,35, 	7.5 ,,,
,Karson,Templin,FALSE,Utah St.,10,3/15/25,3/15/25,32, 	7.4 ,,,
,Josh,Ojianwuna,FALSE,Baylor,9,2/8/25,3/13/25,23, 	7.4 ,,,
,Dante,Maddox Jr.,TRUE,Xavier,11,3/13/25,3/13/25,31, 	7.4 ,,,
,Kuluel,Mading,FALSE,Norfolk St.,16,3/15/25,3/15/25,34, 	7.4 ,,,
,Samson,Johnson,FALSE,UConn,8,3/14/25,3/14/25,32, 	7.4 ,,,
,Jared,Coleman-Jones,TRUE,San Diego St.,11,3/13/25,3/13/25,28, 	7.3 ,,,
,Jeremy,Fears Jr.,FALSE,Mich. St.,2,3/15/25,3/15/25,32, 	7.3 ,,,
,Nolan,Hodge,FALSE,UNCW,14,3/11/25,3/11/25,33, 	7.3 ,,,
,Ben,Gold,FALSE,Marquette,7,3/14/25,3/14/25,33, 	7.3 ,,,
,Felix,Okpara,FALSE,Tennessee,2,3/16/25,3/16/25,34, 	7.3 ,,,
,Drake,Allen,FALSE,Utah St.,10,3/15/25,3/15/25,30, 	7.3 ,,,
,James,Scott,FALSE,Louisville,8,3/15/25,3/15/25,34, 	7.3 ,,,
,Jalen,Celestine,FALSE,Baylor,9,3/13/25,3/13/25,29, 	7.2 ,,,
,Cameron,Matthews,FALSE,Miss. St.,8,3/13/25,3/13/25,33, 	7.2 ,,,
,Cam,Manyawu,FALSE,Drake,11,3/9/25,3/9/25,33, 	7.2 ,,,
,Rashaan,Mbemba,FALSE,Colo. St.,12,3/15/25,3/15/25,60, 	7.2 ,,,
,Rashaan,Mbemba,FALSE,Colo. St.,12,3/15/25,3/15/25,60, 	7.2 ,,,
,Dallin,Hall,FALSE,BYU,6,3/14/25,3/14/25,29, 	7.1 ,,,
,Keba,Keita,FALSE,BYU,6,3/14/25,3/14/25,32, 	7.1 ,,,
,Matt,Mayock,TRUE,American,16,3/12/25,3/12/25,34, 	7.1 ,,,
,Brandon,Murray,FALSE,McNeese,12,3/12/25,3/12/25,28, 	7.1 ,,,
,Morez,Johnson Jr.,FALSE,Illinois,6,3/14/25,3/14/25,28, 	7.1 ,,,
,Dylan,Andrews,FALSE,UCLA,7,3/14/25,3/14/25,30, 	7.1 ,,,
,Mouhamed,Dioubate,FALSE,Alabama,2,3/15/25,3/15/25,33, 	7.1 ,,,
,Anthony,Dell'orso,FALSE,Arizona,4,3/15/25,3/15/25,34, 	7.1 ,,,
,Terrance,Arceneaux,FALSE,Houston,1,3/15/25,3/15/25,34, 	7.0 ,,,
,James,Okonkwo,FALSE,Akron,13,3/15/25,3/15/25,34, 	7.0 ,,,
,Jadrian,Tracey,FALSE,Oregon,5,3/14/25,3/14/25,33, 	7.0 ,,,
,Isaac,Celiscar,FALSE,Yale,13,3/16/25,3/16/25,29, 	7.0 ,,,
,Josh,Corbin,FALSE,UNCW,14,2/24/25,3/11/25,21, 	7.0 ,,,
,Marcus,Rigsby Jr.,FALSE,Troy,14,3/10/25,3/10/25,33, 	6.9 ,,,
,Chase,Johnston,FALSE,High Point,13,3/9/25,3/9/25,34, 	6.9 ,,,
,Frankie,Fidler,FALSE,Mich. St.,2,3/15/25,3/15/25,33, 	6.9 ,,,
,Xavier,Lipscomb,TRUE,Mt St Mary's,16,3/15/25,3/15/25,34, 	6.8 ,,,
,Trent,Pierce,FALSE,Missouri,6,3/14/25,3/14/25,32, 	6.8 ,,,
,Marques,Warrick,FALSE,Missouri,6,3/14/25,3/14/25,32, 	6.8 ,,,
,De'shayne,Montgomery,FALSE,Georgia,9,2/15/25,3/12/25,16, 	6.8 ,,,
,Micah,Simpson,TRUE,Alabama St.,16,3/8/25,3/8/25,31, 	6.7 ,,,
,Bowen,Hardman,FALSE,Akron,13,3/15/25,3/15/25,34, 	6.7 ,,,
,Michael,Ajayi,FALSE,Gonzaga,8,3/11/25,3/11/25,32, 	6.7 ,,,
,Justin,Rochelin,FALSE,UC San Diego,12,3/15/25,3/15/25,34, 	6.7 ,,,
,Kamari,McGee,FALSE,Wisconsin,3,3/16/25,3/16/25,35, 	6.7 ,,,
,Derrion,Reid,FALSE,Alabama,2,3/14/25,3/15/25,19, 	6.7 ,,,
,Chendall,Weaver,TRUE,Texas,11,3/14/25,3/14/25,18, 	6.7 ,,,
,Rylan,Griffen,FALSE,Kansas,7,3/13/25,3/13/25,31, 	6.6 ,,,
,Will,Tschetter,FALSE,Michigan,5,3/16/25,3/16/25,34, 	6.6 ,,,
,Aubin,Gateretse,FALSE,Utah St.,10,3/15/25,3/15/25,31, 	6.6 ,,,
,RJ,Godfrey,FALSE,Georgia,9,3/12/25,3/12/25,32, 	6.5 ,,,
,Trevon,Brazile,FALSE,Arkansas,10,3/13/25,3/13/25,31, 	6.5 ,,,
,Manny,Obaseki,FALSE,Texas A&M,4,3/13/25,3/13/25,32, 	6.5 ,,,
,Sam,Godwin,FALSE,Oklahoma,9,3/5/25,3/13/25,30, 	6.5 ,,,
,Nicholas,Jourdain,FALSE,Memphis,5,3/16/25,3/16/25,34, 	6.4 ,,,
,Kamryn,Thomas,FALSE,Omaha,15,3/9/25,3/9/25,34, 	6.4 ,,,
,Arlandus,Keyes,TRUE,Mt St Mary's,16,3/15/25,3/15/25,30, 	6.4 ,,,
,Jae'Lyn,Withers,TRUE,North Carolina,11,3/14/25,3/14/25,35, 	6.4 ,,,
,Jonas,Aidoo,FALSE,Arkansas,10,3/13/25,3/13/25,30, 	6.4 ,,,
,Carter,Bryant,FALSE,Arizona,4,3/15/25,3/15/25,34, 	6.4 ,,,
,Chris,Manon,FALSE,Vanderbilt,10,3/8/25,3/8/25,31, 	6.4 ,,,
,Jaylani,Darden,FALSE,Norfolk St.,16,3/15/25,3/15/25,32, 	6.3 ,,,
,Geoff,Sprouse,TRUE,American,16,3/12/25,3/12/25,19, 	6.3 ,,,
,Dra,Gibbs-Lawhorn,FALSE,Illinois,6,3/14/25,3/14/25,33, 	6.3 ,,,
,Michael,Nwoko,FALSE,Miss. St.,8,3/13/25,3/13/25,33, 	6.3 ,,,
,Seth,Wilson,FALSE,Akron,13,3/15/25,3/15/25,33, 	6.3 ,,,
,Terrance,Jones,FALSE,Norfolk St.,16,3/15/25,3/15/25,33, 	6.3 ,,,
,Caleb,Shaw,FALSE,Grand Canyon,13,3/15/25,3/15/25,31, 	6.3 ,,,
,Aday,Mara,FALSE,UCLA,7,3/14/25,3/14/25,31, 	6.3 ,,,
,Desmond,Polk,FALSE,SIUE,16,3/8/25,3/8/25,33, 	6.2 ,,,
,Wayne,McKinney III,TRUE,San Diego St.,11,3/13/25,3/13/25,30, 	6.2 ,,,
,Abdoulaye,Thiam,FALSE,High Point,13,3/9/25,3/9/25,33, 	6.2 ,,,
,Chris,Moncrief,TRUE,St. Fran.-Pa.,16,3/11/25,3/11/25,31, 	6.1 ,,,
,Kwame,Evans Jr.,FALSE,Oregon,5,3/14/25,3/14/25,33, 	6.1 ,,,
,Rueben,Chinyelu,FALSE,Florida,1,3/16/25,3/16/25,34, 	6.1 ,,,
,Kyle,Thomas,FALSE,SIUE,16,3/8/25,3/8/25,23, 	6.0 ,,,
,Jahmai,Mashack,FALSE,Tennessee,2,3/16/25,3/16/25,34, 	6.0 ,,,
,Mawot,Mag,FALSE,BYU,6,3/14/25,3/14/25,30, 	6.0 ,,,
,Noah,Waterman,FALSE,Louisville,8,3/15/25,3/15/25,30, 	6.0 ,,,
,Mylik,Wilson,FALSE,Houston,1,3/15/25,3/15/25,34, 	6.0 ,,,
,C.J.,Cox,FALSE,Purdue,4,3/14/25,3/14/25,33, 	5.9 ,,,
,Flory,Bidunga,FALSE,Kansas,7,3/13/25,3/13/25,32, 	5.9 ,,,
,Jakai,Robinson,FALSE,Bryant,15,3/15/25,3/15/25,32, 	5.9 ,,,
,Andersson,Garcia,FALSE,Texas A&M,4,3/13/25,3/13/25,32, 	5.9 ,,,
,Jarin,Stevenson,FALSE,Alabama,2,3/15/25,3/15/25,33, 	5.9 ,,,
,Filip,Borovicanin,FALSE,New Mexico,10,3/14/25,3/14/25,33, 	5.8 ,,,
,Aaron,Davis,FALSE,Bryant,15,2/6/25,3/15/25,11, 	5.8 ,,,
,Tucker,Anderson,FALSE,Utah St.,10,3/15/25,3/15/25,32, 	5.8 ,,,
,Tyler,Tanner,FALSE,Vanderbilt,10,3/8/25,3/8/25,31, 	5.8 ,,,
,Jalen,Washington,TRUE,North Carolina,11,3/14/25,3/14/25,34, 	5.8 ,,,
,Moussa,Cisse,FALSE,Memphis,5,3/16/25,3/16/25,34, 	5.8 ,,,
,Brandon,Garrison,FALSE,Kentucky,3,3/14/25,3/14/25,32, 	5.8 ,,,
,Austin,Patterson,FALSE,Montana,14,3/12/25,3/12/25,33, 	5.7 ,,,
,Jayson,Kent,TRUE,Texas,11,3/14/25,3/14/25,25, 	5.7 ,,,
,Chris,Howell,FALSE,UC San Diego,12,3/15/25,3/15/25,34, 	5.7 ,,,
,Fedor,Ã…Å“ugiÃ„Â‡,FALSE,Creighton,9,3/15/25,3/15/25,3, 	5.7 ,,,
,Myles,Thompson,FALSE,SIUE,16,3/8/25,3/8/25,33, 	5.7 ,,,
,Jacob,Crews,FALSE,Missouri,6,3/14/25,3/14/25,32, 	5.7 ,,,
,Simon,Hildebrandt,FALSE,High Point,13,3/9/25,3/9/25,24, 	5.6 ,,,
,Charlie,Williams,FALSE,Lipscomb,14,3/9/25,3/9/25,34, 	5.6 ,,,
,Billy,Richmond III,FALSE,Arkansas,10,3/13/25,3/13/25,33, 	5.6 ,,,
,Jerome,Hunter,TRUE,Xavier,11,3/13/25,3/13/25,32, 	5.6 ,,,
,Joseph,Tugler,FALSE,Houston,1,3/15/25,3/15/25,34, 	5.6 ,,,
,Ansley,Almonor,FALSE,Kentucky,3,3/14/25,3/14/25,33, 	5.5 ,,,
,Micah,Octave,TRUE,Alabama St.,16,3/8/25,3/8/25,24, 	5.5 ,,,
,Brett,Decker Jr.,FALSE,Liberty,12,3/12/25,3/15/25,19, 	5.5 ,,,
,Sin'Cere,McMahon,FALSE,Norfolk St.,16,3/15/25,3/15/25,33, 	5.5 ,,,
,Greedy,Williams,FALSE,UNCW,14,3/11/25,3/11/25,34, 	5.5 ,,,
,AJ,Storr,FALSE,Kansas,7,3/13/25,3/13/25,32, 	5.4 ,,,
,Dillon,Hunter,FALSE,Clemson,5,3/13/25,3/14/25,30, 	5.4 ,,,
,PJ,Carter,FALSE,Memphis,5,3/16/25,3/16/25,34, 	5.4 ,,,
,Pharaoh,Compton,TRUE,San Diego St.,11,3/13/25,3/13/25,29, 	5.4 ,,,
,Jaylin,Stewart,FALSE,UConn,8,3/14/25,3/14/25,33, 	5.4 ,,,
,Theo,Seng,FALSE,Troy,14,3/10/25,3/10/25,29, 	5.3 ,,,
,Myles,Colvin,FALSE,Purdue,4,3/14/25,3/14/25,33, 	5.3 ,,,
,Taj,DeGourville,TRUE,San Diego St.,11,3/13/25,3/13/25,30, 	5.3 ,,,
,Keshawn,Williams,FALSE,Colo. St.,12,3/15/25,3/15/25,68, 	5.3 ,,,
,Keshawn,Williams,FALSE,Colo. St.,12,3/15/25,3/15/25,68, 	5.3 ,,,
,Kerwin,Walton,FALSE,Texas Tech,3,3/14/25,3/14/25,32, 	5.3 ,,,
,Juslin,Bodo Bodo,FALSE,High Point,13,3/9/25,3/9/25,34, 	5.3 ,,,
,David,Coit,FALSE,Kansas,7,3/13/25,3/13/25,32, 	5.3 ,,,
,Isaac,Ondekane,FALSE,Omaha,15,3/9/25,3/9/25,34, 	5.2 ,,,
,Cooper,Campbell,FALSE,Troy,14,3/10/25,3/10/25,33, 	5.2 ,,,
,Royce,Parham,FALSE,Marquette,7,3/14/25,3/14/25,33, 	5.2 ,,,
,Federiko,Federiko,FALSE,Texas Tech,3,3/14/25,3/14/25,30, 	5.2 ,,,
,Jasteven,Walker,TRUE,Alabama St.,16,3/8/25,3/8/25,31, 	5.2 ,,,
,Davon,Barnes,FALSE,Ole Miss,6,3/14/25,3/14/25,33, 	5.2 ,,,
,Harry,Wessels,FALSE,Saint Mary's,7,3/11/25,3/11/25,32, 	5.2 ,,,
,Javon,Ervin,TRUE,Mt St Mary's,16,3/15/25,3/15/25,32, 	5.1 ,,,
,Carson,Cooper,FALSE,Mich. St.,2,3/15/25,3/15/25,33, 	5.1 ,,,
,Dylan,Cardwell,FALSE,Auburn,1,3/15/25,3/15/25,33, 	5.1 ,,,
,Antallah,Sandlin'el,FALSE,Robert Morris,15,1/17/25,3/11/25,8, 	5.0 ,,,
,Caleb,Foster,FALSE,Duke,1,3/15/25,3/15/25,33, 	5.0 ,,,
,Jahki,Howard,FALSE,Auburn,1,3/8/25,3/15/25,18, 	4.9 ,,,
,Tyler,Mack,TRUE,Alabama St.,16,3/8/25,3/8/25,26, 	4.9 ,,,
,Ja'vier,Francis,FALSE,Houston,1,3/15/25,3/15/25,32, 	4.9 ,,,
,Bowen,Born,FALSE,Colo. St.,12,3/15/25,3/15/25,68, 	4.9 ,,,
,Bowen,Born,FALSE,Colo. St.,12,3/15/25,3/15/25,68, 	4.9 ,,,
,Sam,Alexis,FALSE,Florida,1,2/11/25,3/16/25,23, 	4.9 ,,,
,Julian,Larry,TRUE,Texas,11,3/14/25,3/14/25,33, 	4.8 ,,,
,Shawn,Jones Jr.,FALSE,Miss. St.,8,3/13/25,3/13/25,24, 	4.8 ,,,
,Sam,Walters,FALSE,Michigan,5,2/8/25,3/16/25,23, 	4.8 ,,,
,Isaac,Traudt,FALSE,Creighton,9,3/15/25,3/15/25,34, 	4.8 ,,,
,Jasen,Green,FALSE,Creighton,9,3/15/25,3/15/25,34, 	4.8 ,,,
,Ismael,Plet,FALSE,Robert Morris,15,3/11/25,3/11/25,33, 	4.8 ,,,
,Xavier,Booker,FALSE,Mich. St.,2,3/15/25,3/15/25,32, 	4.8 ,,,
,Nate,Heise,FALSE,Iowa St.,3,3/13/25,3/13/25,33, 	4.8 ,,,
,Cade,Phillips,FALSE,Tennessee,2,3/16/25,3/16/25,34, 	4.7 ,,,
,Solomon,Washington,FALSE,Texas A&M,4,3/13/25,3/13/25,30, 	4.7 ,,,
,Jerrell,Bellamy,FALSE,Troy,14,3/8/25,3/10/25,30, 	4.7 ,,,
,Supreme,Cook,FALSE,Oregon,5,3/14/25,3/14/25,30, 	4.7 ,,,
,Christian,Fermin,FALSE,VCU,11,3/16/25,3/16/25,33, 	4.7 ,,,
,Lazar,Stefanovic,FALSE,UCLA,7,3/14/25,3/14/25,32, 	4.7 ,,,
,Hayden,Hefner,FALSE,Texas A&M,4,3/13/25,3/13/25,30, 	4.6 ,,,
,Terry,Anderson,FALSE,High Point,13,3/9/25,3/9/25,25, 	4.6 ,,,
,Glenn,Taylor Jr.,FALSE,Oklahoma,9,3/13/25,3/13/25,33, 	4.6 ,,,
,Dusty,Stromer,FALSE,Gonzaga,8,3/11/25,3/11/25,32, 	4.6 ,,,
,Aidan,Mahaney,FALSE,UConn,8,3/14/25,3/14/25,32, 	4.5 ,,,
,Arnas,Sakenis,FALSE,SIUE,16,3/8/25,3/8/25,25, 	4.5 ,,,
,Isaia,Howard,FALSE,Drake,11,3/9/25,3/9/25,28, 	4.5 ,,,
,Somto,Cyril,FALSE,Georgia,9,3/12/25,3/12/25,32, 	4.5 ,,,
,Aboubacar,Traore,FALSE,Louisville,8,3/15/25,3/15/25,24, 	4.5 ,,,
,Szymon,Zapala,FALSE,Mich. St.,2,3/15/25,3/15/25,33, 	4.5 ,,,
,Dayton,Forsythe,FALSE,Oklahoma,9,3/13/25,3/13/25,29, 	4.4 ,,,
,C.J.,Wilcher,FALSE,Texas A&M,4,3/13/25,3/13/25,32, 	4.4 ,,,
,Victor,Valdes,FALSE,Troy,14,3/10/25,3/10/25,33, 	4.4 ,,,
,Jalen,Keago,TRUE,Alabama St.,16,1/27/25,3/8/25,18, 	4.4 ,,,
,Tyrel,Bladen,FALSE,Norfolk St.,16,3/15/25,3/15/25,30, 	4.4 ,,,
,Mason,Gillis,FALSE,Duke,1,3/15/25,3/15/25,32, 	4.3 ,,,
,Caleb,Furst,FALSE,Purdue,4,3/14/25,3/14/25,33, 	4.3 ,,,
,Camden,Heide,FALSE,Purdue,4,3/14/25,3/14/25,33, 	4.3 ,,,
,T'Johnn,Brown,FALSE,McNeese,12,3/11/25,3/12/25,21, 	4.3 ,,,
,Kyle,Jorgensen,FALSE,Colo. St.,12,3/15/25,3/15/25,62, 	4.3 ,,,
,Kyle,Jorgensen,FALSE,Colo. St.,12,3/15/25,3/15/25,62, 	4.3 ,,,
,Aidan,Burke,FALSE,UC San Diego,12,3/15/25,3/15/25,34, 	4.2 ,,,
,D'ante,Bass,TRUE,Alabama St.,16,3/8/25,3/8/25,31, 	4.2 ,,,
,L.J.,Cason,FALSE,Michigan,5,3/16/25,3/16/25,26, 	4.2 ,,,
,Luke,Flynn,FALSE,Wofford,15,3/10/25,3/10/25,33, 	4.2 ,,,
,Kahmare,Holmes,FALSE,Wofford,15,3/10/25,3/10/25,27, 	4.1 ,,,
,Zaide,Lowery,FALSE,Marquette,7,3/14/25,3/14/25,30, 	4.1 ,,,
,Jovan,Milicevic,FALSE,New Mexico,10,3/14/25,3/14/25,31, 	4.1 ,,,
,Mikeal,Brown-jones,FALSE,Ole Miss,6,3/8/25,3/14/25,28, 	4.1 ,,,
,Jake,Heidbreder,FALSE,Clemson,5,3/14/25,3/14/25,31, 	4.1 ,,,
,Fedor,Å½ugiÄ‡,FALSE,Creighton,9,3/8/25,3/15/25,17, 	4.1 ,,,
,Miles,Heide,TRUE,San Diego St.,11,3/13/25,3/13/25,29, 	4.0 ,,,
,Anthony,Arrington,FALSE,Wofford,15,3/1/25,3/10/25,29, 	4.0 ,,,
,Trae,Benham,FALSE,High Point,13,3/9/25,3/9/25,34, 	4.0 ,,,
,Gicarri,Harris,FALSE,Purdue,4,3/14/25,3/14/25,33, 	4.0 ,,,
,Brandton,Chatfield,FALSE,Iowa St.,3,3/13/25,3/13/25,33, 	3.9 ,,,
,Del,Jones,FALSE,Clemson,5,3/14/25,3/14/25,30, 	3.9 ,,,
,Kam,Farris,FALSE,Bryant,15,3/15/25,3/15/25,23, 	3.9 ,,,
,Bryant,Selebangue,FALSE,McNeese,12,3/12/25,3/12/25,33, 	3.9 ,,,
,Carter,Gilmore,FALSE,Wisconsin,3,3/16/25,3/16/25,35, 	3.9 ,,,
,Lincoln,Ball,TRUE,American,16,3/12/25,3/12/25,34, 	3.9 ,,,
,Mihailo,Boskovic,FALSE,BYU,6,3/14/25,3/14/25,27, 	3.9 ,,,
,Isaiah,Jackson,FALSE,Drake,11,3/9/25,3/9/25,32, 	3.8 ,,,
,Isaac,Johnson,FALSE,Utah St.,10,3/15/25,3/15/25,28, 	3.8 ,,,
,Shakeel,Moore,FALSE,Kansas,7,2/18/25,3/13/25,19, 	3.8 ,,,
,Ethan,Morton,FALSE,Colo. St.,12,3/15/25,3/15/25,66, 	3.8 ,,,
,Ethan,Morton,FALSE,Colo. St.,12,3/15/25,3/15/25,66, 	3.8 ,,,
,Shawn,Fulcher,TRUE,Alabama St.,16,3/8/25,3/8/25,27, 	3.8 ,,,
,Mohamed,Wague,FALSE,Oklahoma,9,3/13/25,3/13/25,31, 	3.8 ,,,
,Trent,Perry,FALSE,UCLA,7,3/14/25,3/14/25,30, 	3.8 ,,,
,Luke,Bamgboye,FALSE,VCU,11,3/16/25,3/16/25,34, 	3.8 ,,,
,Tafara,Gapare,FALSE,Maryland,4,3/15/25,3/15/25,29, 	3.8 ,,,
,Jace,Carter,FALSE,Texas A&M,4,3/13/25,3/13/25,31, 	3.7 ,,,
,Eemeli,Yalaho,FALSE,Texas Tech,3,2/1/25,3/14/25,7, 	3.7 ,,,
,Miles,Webb,TRUE,St. Fran.-Pa.,16,3/11/25,3/11/25,29, 	3.7 ,,,
,Terrence,Hill jr.,FALSE,VCU,11,3/7/25,3/16/25,20, 	3.7 ,,,
,Braden,Appelhans,FALSE,New Mexico,10,3/14/25,3/14/25,28, 	3.6 ,,,
,Kael,Combs,FALSE,Drake,11,3/9/25,3/9/25,28, 	3.6 ,,,
,Darlinstone,Dubar,FALSE,Tennessee,2,3/16/25,3/16/25,29, 	3.6 ,,,
,Patrick,Ngongba,FALSE,Duke,1,3/15/25,3/15/25,25, 	3.6 ,,,
,Jensen,Bradtke,FALSE,Montana,14,3/11/25,3/12/25,23, 	3.6 ,,,
,Urban,Klavzar,FALSE,Florida,1,3/16/25,3/16/25,23, 	3.5 ,,,
,Xavier,Amos,FALSE,Wisconsin,3,3/16/25,3/16/25,35, 	3.4 ,,,
,Grant,Huffman,FALSE,Vanderbilt,10,3/1/25,3/8/25,28, 	3.4 ,,,
,Grant,Asman,FALSE,Lipscomb,14,3/9/25,3/9/25,28, 	3.4 ,,,
,Rubin,Jones,FALSE,Michigan,5,3/16/25,3/16/25,30, 	3.4 ,,,
,Riley,Fox,FALSE,Yale,13,3/1/25,3/16/25,23, 	3.4 ,,,
,Dylan,James,FALSE,Georgia,9,3/12/25,3/12/25,30, 	3.4 ,,,
,Devon,Pryor,TRUE,Texas,11,3/14/25,3/14/25,22, 	3.4 ,,,
,Jordan,Pickett,FALSE,SIUE,16,3/8/25,3/8/25,33, 	3.4 ,,,
,Khani,Rooths,FALSE,Louisville,8,3/15/25,3/15/25,34, 	3.3 ,,,
,Trevor,Mullin,FALSE,Yale,13,3/16/25,3/16/25,28, 	3.3 ,,,
,Josh,Gray,FALSE,Missouri,6,3/14/25,3/14/25,32, 	3.3 ,,,
,Eric,Michaels,TRUE,American,16,3/12/25,3/12/25,28, 	3.2 ,,,
,Zander,Yates,FALSE,Liberty,12,3/15/25,3/15/25,30, 	3.2 ,,,
,Aiden,Sherrell,FALSE,Alabama,2,3/15/25,3/15/25,32, 	3.2 ,,,
,Cade,Pendleton,FALSE,UC San Diego,12,3/14/25,3/15/25,17, 	3.2 ,,,
,Houston,Mallette,FALSE,Alabama,2,1/8/25,3/15/25,6, 	3.2 ,,,
,Ze'rik,Onyema,TRUE,Texas,11,3/14/25,3/14/25,33, 	3.2 ,,,
,Wyatt,Nausadis,TRUE,American,16,3/12/25,3/12/25,34, 	3.1 ,,,
,Ismaila,Diagne,FALSE,Gonzaga,8,3/10/25,3/11/25,9, 	3.1 ,,,
,Nate,Ferguson,FALSE,Drake,11,3/9/25,3/9/25,30, 	3.1 ,,,
,Alphonzo,Billups iii,FALSE,VCU,11,2/28/25,3/16/25,21, 	3.1 ,,,
,Jake,Davis,FALSE,Illinois,6,3/14/25,3/14/25,31, 	3.1 ,,,
,William,Kyle III,FALSE,UCLA,7,3/14/25,3/14/25,30, 	3.0 ,,,
,Josh,Ibukunoluwa,FALSE,High Point,13,3/9/25,3/9/25,24, 	3.0 ,,,
,Don,Douglass,FALSE,Wofford,15,1/13/25,3/10/25,3, 	3.0 ,,,
,Melo,Baines,FALSE,Norfolk St.,16,3/1/25,3/15/25,14, 	3.0 ,,,
,Fredrick,King,FALSE,Creighton,9,3/15/25,3/15/25,33, 	3.0 ,,,
,John,Hugley IV,TRUE,Xavier,11,3/13/25,3/13/25,32, 	3.0 ,,,
,Miles,White,FALSE,Lipscomb,14,3/9/25,3/9/25,34, 	2.9 ,,,
,Julen,Iturbe,TRUE,American,16,2/15/25,3/12/25,24, 	2.9 ,,,
,Mercy,Miller,FALSE,Houston,1,3/15/25,3/15/25,20, 	2.9 ,,,
,Cade,Tyson,TRUE,North Carolina,11,3/12/25,3/14/25,28, 	2.9 ,,,
,Luke,Northweather,FALSE,Oklahoma,9,3/13/25,3/13/25,28, 	2.9 ,,,
,Jeremiah,Dargan,FALSE,Montana,14,3/11/25,3/12/25,9, 	2.9 ,,,
,Savo,Drezgic,FALSE,Georgia,9,2/11/25,3/12/25,8, 	2.9 ,,,
,Randarius,Jones,FALSE,Troy,14,3/10/25,3/10/25,28, 	2.9 ,,,
,Abdou,Khadre kÃ©bÃ©,TRUE,Mt St Mary's,16,3/2/25,3/15/25,26, 	2.8 ,,,
,Michael,Belle,FALSE,VCU,11,3/16/25,3/16/25,34, 	2.8 ,,,
,Jordan,Geronimo,FALSE,Maryland,4,3/15/25,3/15/25,25, 	2.8 ,,,
,Evan,Wilson,FALSE,Akron,13,3/13/25,3/15/25,8, 	2.8 ,,,
,Maliq,Brown,FALSE,Duke,1,3/13/25,3/15/25,22, 	2.7 ,,,
,Jasen,Brooks,FALSE,UC San Diego,12,3/1/25,3/15/25,14, 	2.7 ,,,
,Brandon,Jennings,FALSE,VCU,11,3/16/25,3/16/25,34, 	2.7 ,,,
,Trent,Noah,FALSE,Kentucky,3,3/14/25,3/14/25,20, 	2.7 ,,,
,Teo,Rice,FALSE,Yale,13,2/22/25,3/16/25,10, 	2.7 ,,,
,Cham,Okey,FALSE,SIUE,16,2/4/25,3/8/25,10, 	2.7 ,,,
,Aidan,Shaw,FALSE,Missouri,6,3/14/25,3/14/25,27, 	2.7 ,,,
,Andrew,McKeever,FALSE,Saint Mary's,7,3/10/25,3/11/25,18, 	2.7 ,,,
,Jordon,Marshall,TRUE,Alabama St.,16,3/1/25,3/8/25,3, 	2.7 ,,,
,Travis,Perry,FALSE,Kentucky,3,3/14/25,3/14/25,30, 	2.6 ,,,
,Vincent,Iwuchukwu,FALSE,St. John's,2,3/15/25,3/15/25,32, 	2.6 ,,,
,Dilen,Miller,FALSE,Robert Morris,15,2/21/25,3/11/25,24, 	2.6 ,,,
,Marcus,Allen,FALSE,Missouri,6,3/14/25,3/14/25,26, 	2.6 ,,,
,Curtis,Blair III,FALSE,Liberty,12,3/12/25,3/15/25,13, 	2.6 ,,,
,Ivan,Matlekovic,FALSE,High Point,13,1/11/25,3/9/25,5, 	2.6 ,,,
,Micah,Handlogten,FALSE,Florida,1,3/16/25,3/16/25,10, 	2.6 ,,,
,Dante,Harris,FALSE,Memphis,5,3/4/25,3/16/25,15, 	2.5 ,,,
,Jayden,Ross,FALSE,UConn,8,3/14/25,3/14/25,31, 	2.5 ,,,
,Nikola,Djapa,FALSE,Colo. St.,12,3/15/25,3/15/25,40, 	2.5 ,,,
,Nikola,Djapa,FALSE,Colo. St.,12,3/15/25,3/15/25,40, 	2.5 ,,,
,Kayde,Dotson,FALSE,New Mexico,10,3/14/25,3/14/25,30, 	2.5 ,,,
,Jordan,Hamilton,FALSE,SIUE,16,2/4/25,3/8/25,6, 	2.5 ,,,
,Myles,Foster,FALSE,Clemson,5,3/13/25,3/14/25,25, 	2.5 ,,,
,Jaiden,Glover,FALSE,St. John's,2,2/12/25,3/15/25,19, 	2.4 ,,,
,Ashton,Hardaway,FALSE,Saint Mary's,7,3/10/25,3/11/25,29, 	2.4 ,,,
,Justin,Abson,FALSE,Georgia,9,3/12/25,3/12/25,26, 	2.4 ,,,
,Dramane,Camara,FALSE,Norfolk St.,16,3/1/25,3/15/25,21, 	2.4 ,,,
,Maximo,Milovich,FALSE,UC San Diego,12,3/15/25,3/15/25,32, 	2.4 ,,,
,Collin,Chandler,FALSE,Kentucky,3,3/14/25,3/14/25,27, 	2.4 ,,,
,Jack,Molloy,FALSE,Yale,13,3/16/25,3/16/25,27, 	2.4 ,,,
,Styles,Phipps,FALSE,Grand Canyon,13,3/12/25,3/15/25,17, 	2.4 ,,,
,Ross,Candelino,FALSE,Lipscomb,14,3/3/25,3/9/25,20, 	2.4 ,,,
,Declan,Dillon,FALSE,SIUE,16,3/8/25,3/8/25,32, 	2.3 ,,,
,Zack,Davidson,FALSE,Montana,14,2/8/25,3/12/25,12, 	2.3 ,,,
,Isaiah,Abraham,FALSE,UConn,8,3/8/25,3/14/25,6, 	2.3 ,,,
,Kellan,Boylan,FALSE,Lipscomb,14,3/3/25,3/9/25,28, 	2.3 ,,,
,DeShawn,Harris-Smith,FALSE,Maryland,4,3/15/25,3/15/25,33, 	2.3 ,,,
,Isaiah,Brown,FALSE,Florida,1,3/15/25,3/16/25,15, 	2.3 ,,,
,Brian,Waddell,FALSE,Purdue,4,3/4/25,3/14/25,8, 	2.3 ,,,
,Joshua,Streit,FALSE,Omaha,15,3/9/25,3/9/25,34, 	2.2 ,,,
,Eddiean,Tirado,FALSE,SIUE,16,2/22/25,3/8/25,9, 	2.2 ,,,
,Isaac,Davis,FALSE,Utah St.,10,3/15/25,3/15/25,18, 	2.2 ,,,
,Nojus,Indrusaitis,FALSE,Iowa St.,3,2/22/25,3/13/25,14, 	2.2 ,,,
,Martavious,Russell,FALSE,Miss. St.,8,3/12/25,3/13/25,11, 	2.2 ,,,
,Jackson,Porch,FALSE,Troy,14,2/22/25,3/10/25,7, 	2.1 ,,,
,Bryson,Spell,FALSE,Liberty,12,3/12/25,3/15/25,8, 	2.1 ,,,
,Raleigh,Burgess,FALSE,Purdue,4,3/7/25,3/14/25,28, 	2.1 ,,,
,Atiki,Ally Atiki,FALSE,New Mexico,10,3/14/25,3/14/25,29, 	2.1 ,,,
,Kai,Yu,FALSE,Liberty,12,3/12/25,3/15/25,10, 	2.1 ,,,
,Victor,Payne,TRUE,St. Fran.-Pa.,16,3/8/25,3/11/25,24, 	2.1 ,,,
,Sadiku,Ibine Ayo,FALSE,St. John's,2,3/15/25,3/15/25,28, 	2.1 ,,,
,Conrad,Martinez,FALSE,Arizona,4,3/15/25,3/15/25,16, 	2.1 ,,,
,Jordan,Leaks,FALSE,Norfolk St.,16,2/24/25,3/15/25,20, 	2.1 ,,,
,Jordan,Brathwaite,FALSE,Yale,13,3/8/25,3/16/25,22, 	2.0 ,,,
,Marvin,Musiime-Kamali,FALSE,Akron,13,3/14/25,3/15/25,31, 	2.0 ,,,
,Shane,Anthony,FALSE,UNCW,14,3/1/25,3/11/25,4, 	2.0 ,,,
,Makoi,Mabor,FALSE,UNCW,14,3/1/25,3/11/25,8, 	2.0 ,,,
,Patrick,Haigh,TRUE,Mt St Mary's,16,3/15/25,3/15/25,17, 	2.0 ,,,
,Kj,Swain,TRUE,St. Fran.-Pa.,16,1/10/25,3/11/25,6, 	2.0 ,,,
,Ubong,Okon,TRUE,Alabama St.,16,3/8/25,3/8/25,30, 	2.0 ,,,
,Malachi,Palmer,FALSE,Maryland,4,3/14/25,3/15/25,18, 	2.0 ,,,
,Emmanuel,Stephen,FALSE,Arizona,4,1/21/25,3/15/25,4, 	2.0 ,,,
,Jack,Janicki,FALSE,Wisconsin,3,3/16/25,3/16/25,35, 	2.0 ,,,
,Annor,Boateng,FALSE,Missouri,6,3/14/25,3/14/25,16, 	2.0 ,,,
,Jamie,Vinson,TRUE,Texas,11,2/11/25,3/14/25,9, 	2.0 ,,,
,Darren,Harris,FALSE,Duke,1,3/3/25,3/15/25,18, 	2.0 ,,,
,Jayhlon,Young,FALSE,Maryland,4,3/15/25,3/15/25,33, 	2.0 ,,,
,Tre,Norman,FALSE,Marquette,7,3/14/25,3/14/25,32, 	2.0 ,,,
,Demarion,Watson,FALSE,Iowa St.,3,3/13/25,3/13/25,17, 	1.9 ,,,
,Markus,Ilver,FALSE,Wisconsin,3,3/14/25,3/16/25,16, 	1.9 ,,,
,Lefteris,Liotopoulos,FALSE,St. John's,2,3/14/25,3/15/25,15, 	1.9 ,,,
,Trey,Stewart,FALSE,BYU,6,3/14/25,3/14/25,20, 	1.9 ,,,
,Will,Berg,FALSE,Purdue,4,3/14/25,3/14/25,19, 	1.9 ,,,
,T.O.,Barrett,FALSE,Missouri,6,3/14/25,3/14/25,17, 	1.9 ,,,
,Braydon,Whitaker,FALSE,Troy,14,3/8/25,3/10/25,8, 	1.9 ,,,
,Wisler,Sanon,TRUE,St. Fran.-Pa.,16,3/11/25,3/11/25,13, 	1.8 ,,,
,Damarius,Owens,FALSE,Marquette,7,3/14/25,3/14/25,23, 	1.8 ,,,
,Jason,Asemota,FALSE,Baylor,9,3/13/25,3/13/25,21, 	1.8 ,,,
,RubÃƒÂ©n,Prey,FALSE,St. John's,2,3/13/25,3/15/25,5, 	1.8 ,,,
,Chris,Mcdermott,FALSE,Texas A&M,4,1/28/25,3/13/25,5, 	1.8 ,,,
,David,Fonville,FALSE,High Point,13,1/11/25,3/9/25,5, 	1.8 ,,,
,Kimo,Ferrari,TRUE,San Diego St.,11,3/8/25,3/13/25,18, 	1.8 ,,,
,Nic,Codie,TRUE,Texas,11,3/8/25,3/14/25,18, 	1.8 ,,,
,Emmanuel,Innocenti,FALSE,Gonzaga,8,3/11/25,3/11/25,26, 	1.8 ,,,
,Jun seok,Yeo,FALSE,Gonzaga,8,3/1/25,3/11/25,13, 	1.8 ,,,
,Malcolm,Dread,TRUE,Mt St Mary's,16,3/15/25,3/15/25,16, 	1.8 ,,,
,Omar,Cooper,FALSE,McNeese,12,2/24/25,3/12/25,11, 	1.7 ,,,
,Jordy,Barnes,FALSE,Utah St.,10,3/15/25,3/15/25,31, 	1.7 ,,,
,Lamont,Evans iv,FALSE,McNeese,12,3/3/25,3/12/25,9, 	1.7 ,,,
,Titas,Sargiunas,FALSE,High Point,13,2/26/25,3/9/25,12, 	1.7 ,,,
,Aidan,Harris,TRUE,St. Fran.-Pa.,16,3/11/25,3/11/25,30, 	1.7 ,,,
,Wilder,Evers,FALSE,Kansas,7,2/22/25,3/13/25,6, 	1.7 ,,,
,Khamani,Cooper,FALSE,Omaha,15,3/8/25,3/9/25,17, 	1.6 ,,,
,Brody,Kozlowski,FALSE,BYU,6,1/25/25,3/14/25,5, 	1.6 ,,,
,Ahmad,Nowell,FALSE,UConn,8,3/8/25,3/14/25,17, 	1.6 ,,,
,Ra'Heim,Moss,FALSE,Oregon,5,3/14/25,3/14/25,28, 	1.6 ,,,
,Justin,Pippen,FALSE,Michigan,5,3/9/25,3/16/25,28, 	1.6 ,,,
,Caedin,Hamilton,FALSE,Marquette,7,3/14/25,3/14/25,28, 	1.6 ,,,
,Ja'heim,Hudson,FALSE,Auburn,1,3/15/25,3/15/25,25, 	1.6 ,,,
,Grant,Stubblefield,FALSE,Omaha,15,3/8/25,3/9/25,25, 	1.6 ,,,
,Eduardo,Klafke,FALSE,Ole Miss,6,3/14/25,3/14/25,33, 	1.5 ,,,
,Carey,Booth,FALSE,Illinois,6,3/2/25,3/14/25,15, 	1.5 ,,,
,Logan,Suber,FALSE,Lipscomb,14,3/9/25,3/9/25,30, 	1.5 ,,,
,Baraka,Okojie,FALSE,Memphis,5,3/16/25,3/16/25,30, 	1.5 ,,,
,Traivar,Jackson,FALSE,Grand Canyon,13,3/12/25,3/15/25,6, 	1.5 ,,,
,Adam,Holod,TRUE,American,16,1/13/25,3/12/25,2, 	1.5 ,,,
,Elijah,Crawford,FALSE,BYU,6,3/14/25,3/14/25,17, 	1.5 ,,,
,Gai,Chol,FALSE,Miss. St.,8,3/12/25,3/13/25,15, 	1.5 ,,,
,Jamari,Phillips,FALSE,Oregon,5,3/1/25,3/14/25,13, 	1.5 ,,,
,Liam,Carney,FALSE,High Point,13,2/26/25,3/9/25,9, 	1.4 ,,,
,Kerrington,Kiel,FALSE,Troy,14,3/10/25,3/10/25,28, 	1.4 ,,,
,Demarien,Yates,FALSE,Memphis,5,3/16/25,3/16/25,12, 	1.4 ,,,
,Tyzhaun,Claude,TRUE,North Carolina,11,3/12/25,3/14/25,17, 	1.4 ,,,
,Cam'ron,Fletcher,TRUE,Xavier,11,2/15/25,3/13/25,10, 	1.4 ,,,
,Jaxon,Smith,FALSE,Utah St.,10,3/8/25,3/15/25,10, 	1.4 ,,,
,Jp,Pegues,FALSE,Auburn,1,2/26/25,3/15/25,15, 	1.4 ,,,
,Spencer,Hubbard,FALSE,Duke,1,3/3/25,3/15/25,8, 	1.4 ,,,
,Andrew,Sineway,FALSE,High Point,13,2/26/25,3/9/25,8, 	1.4 ,,,
,John,Bol,FALSE,Ole Miss,6,3/8/25,3/14/25,14, 	1.4 ,,,
,Cannon,Richards,FALSE,Wofford,15,3/9/25,3/10/25,14, 	1.4 ,,,
,Ibrahima,Sacko,FALSE,New Mexico,10,3/1/25,3/14/25,17, 	1.4 ,,,
,Tanner,O'Grady,FALSE,Robert Morris,15,3/6/25,3/11/25,3, 	1.3 ,,,
,Jonathan,Ogunfuye,TRUE,Mt St Mary's,16,1/18/25,3/15/25,3, 	1.3 ,,,
,Grant,Hurst,FALSE,Tennessee,2,3/8/25,3/16/25,6, 	1.3 ,,,
,Christian,Reeves,FALSE,Clemson,5,3/14/25,3/14/25,27, 	1.3 ,,,
,Demarshay,Johnson jr.,TRUE,San Diego St.,11,3/8/25,3/13/25,13, 	1.3 ,,,
,Rylan,Houck,FALSE,Lipscomb,14,3/3/25,3/9/25,20, 	1.3 ,,,
,Jeremy,Foumena,FALSE,Miss. St.,8,3/12/25,3/13/25,8, 	1.3 ,,,
,Joaquim,Arauzmoore,FALSE,Gonzaga,8,2/15/25,3/11/25,4, 	1.3 ,,,
,RubÃ©n,Prey,FALSE,St. John's,2,3/8/25,3/15/25,25, 	1.2 ,,,
,Asa,Thomas,FALSE,Clemson,5,2/26/25,3/14/25,9, 	1.2 ,,,
,Jaelyn,Lee,FALSE,Texas A&M,4,1/14/25,3/13/25,5, 	1.2 ,,,
,Dillon,Wilhite,FALSE,Kansas,7,2/22/25,3/13/25,5, 	1.2 ,,,
,Phat phat,Brooks,FALSE,Michigan,5,3/9/25,3/16/25,10, 	1.2 ,,,
,Dominick,Harris,FALSE,UCLA,7,1/30/25,3/14/25,10, 	1.2 ,,,
,Omar,Adegbola,FALSE,Baylor,9,2/8/25,3/13/25,10, 	1.2 ,,,
,Jordan,Williams,FALSE,Vanderbilt,10,2/1/25,3/8/25,10, 	1.2 ,,,
,James,Brown,TRUE,North Carolina,11,3/12/25,3/14/25,16, 	1.2 ,,,
,Austin,Maurer,FALSE,Grand Canyon,13,3/12/25,3/15/25,16, 	1.2 ,,,
,Chris,Moore,FALSE,Auburn,1,3/15/25,3/15/25,33, 	1.2 ,,,
,Ryder,Elisaldez,FALSE,UC San Diego,12,3/1/25,3/15/25,17, 	1.2 ,,,
,Jaden,Steppe,FALSE,Colo. St.,12,3/4/25,3/15/25,6, 	1.2 ,,,
,Peyton,Marshall,FALSE,Missouri,6,3/14/25,3/14/25,20, 	1.2 ,,,
,Mason,Miller,FALSE,Creighton,9,3/15/25,3/15/25,31, 	1.1 ,,,
,Jaqualon jq,Roberts,FALSE,Vanderbilt,10,3/8/25,3/8/25,18, 	1.1 ,,,
,Amari,Jedkins,FALSE,Montana,14,3/12/25,3/12/25,27, 	1.1 ,,,
,Gabriel,McKay,FALSE,Liberty,12,3/14/25,3/15/25,28, 	1.1 ,,,
,Rakease,Passmore,FALSE,Kansas,7,3/3/25,3/13/25,16, 	1.1 ,,,
,Mookie,Cook,FALSE,Oregon,5,3/9/25,3/14/25,20, 	1.1 ,,,
,Matt,Kelly,FALSE,Clemson,5,3/8/25,3/14/25,3, 	1.0 ,,,
,Kevin,Gad,FALSE,Saint Mary's,7,3/10/25,3/11/25,12, 	1.0 ,,,
,Dante,Mayo Jr.,TRUE,North Carolina,11,3/12/25,3/14/25,3, 	1.0 ,,,
,Bradley,Colbert,TRUE,Xavier,11,2/15/25,3/13/25,3, 	1.0 ,,,
,Will,Gibson,FALSE,Liberty,12,3/8/25,3/15/25,2, 	1.0 ,,,
,Devon,Arlington,FALSE,Yale,13,2/22/25,3/16/25,13, 	1.0 ,,,
,Lincoln,Palbicki,FALSE,Omaha,15,3/8/25,3/9/25,6, 	1.0 ,,,
,Sebastian,Perry,FALSE,Omaha,15,3/8/25,3/9/25,6, 	1.0 ,,,
,Maurio,Hanson jr.,FALSE,Robert Morris,15,1/30/25,3/11/25,4, 	1.0 ,,,
,Riccardo,Greppi,FALSE,Wisconsin,3,2/25/25,3/16/25,8, 	1.0 ,,,
,Ty,Davis,FALSE,Creighton,9,3/15/25,3/15/25,25, 	1.0 ,,,
,Jalen,Foy,FALSE,Montana,14,3/11/25,3/12/25,15, 	0.9 ,,,
,Jacolb,Fredson-cole,FALSE,Oklahoma,9,2/18/25,3/13/25,14, 	0.9 ,,,
,Josh,Ozabor,FALSE,Bryant,15,3/15/25,3/15/25,12, 	0.9 ,,,
,Kordelius,Jefferson,FALSE,Houston,1,3/14/25,3/15/25,12, 	0.9 ,,,
,Blake,Muschalek,FALSE,Auburn,1,2/26/25,3/15/25,9, 	0.9 ,,,
,Chris,Ford,FALSE,Robert Morris,15,3/10/25,3/11/25,24, 	0.9 ,,,
,Trey,Wilson,TRUE,Mt St Mary's,16,3/15/25,3/15/25,22, 	0.9 ,,,
,Frankie,Vassalluzzo,FALSE,Bryant,15,3/15/25,3/15/25,10, 	0.8 ,,,
,Nick,Sanders,FALSE,Mich. St.,2,1/9/25,3/15/25,5, 	0.8 ,,,
,Joshua,Dent,FALSE,Saint Mary's,7,3/10/25,3/11/25,18, 	0.8 ,,,
,Kur,Teng,FALSE,Mich. St.,2,2/15/25,3/15/25,13, 	0.8 ,,,
,Jake,Moser,FALSE,Oklahoma,9,3/5/25,3/13/25,4, 	0.8 ,,,
,Luke,Carter,FALSE,Lipscomb,14,2/13/25,3/9/25,8, 	0.8 ,,,
,Zach,Lamey,FALSE,Lipscomb,14,2/13/25,3/9/25,8, 	0.8 ,,,
,Presley,Patterson,FALSE,Auburn,1,2/4/25,3/15/25,7, 	0.7 ,,,
,Cedric,Lath,FALSE,Houston,1,3/14/25,3/15/25,17, 	0.7 ,,,
,Davidson,Hubbard,FALSE,Baylor,9,2/8/25,3/13/25,10, 	0.7 ,,,
,Jayden,Brown,FALSE,Bryant,15,3/15/25,3/15/25,10, 	0.7 ,,,
,Pablo,Soumare,FALSE,Omaha,15,3/8/25,3/9/25,13, 	0.7 ,,,
,Grant,Weitman,FALSE,Arizona,4,2/26/25,3/15/25,6, 	0.7 ,,,
,Youssouf,Singare,FALSE,UConn,8,3/8/25,3/14/25,9, 	0.7 ,,,
,Ryan,Schwarz,TRUE,San Diego St.,11,3/8/25,3/13/25,6, 	0.7 ,,,
,John,Holbrook,TRUE,North Carolina,11,3/12/25,3/14/25,3, 	0.7 ,,,
,Josh,Townley-thomas,FALSE,Creighton,9,3/1/25,3/15/25,6, 	0.7 ,,,
,Kajus,Kublickas,FALSE,Florida,1,2/18/25,3/16/25,6, 	0.7 ,,,
,Keaton,Kutcher,FALSE,Illinois,6,3/13/25,3/14/25,8, 	0.6 ,,,
,Shane,Thomas,FALSE,Creighton,9,3/15/25,3/15/25,16, 	0.6 ,,,
,Birgir,Irving,FALSE,High Point,13,2/26/25,3/9/25,8, 	0.6 ,,,
,Casey,O'malley,FALSE,Marquette,7,2/25/25,3/14/25,5, 	0.6 ,,,
,Patrick,Antonelli,FALSE,Louisville,8,2/12/25,3/15/25,5, 	0.6 ,,,
,Dellquan,Warren,FALSE,Miss. St.,8,3/13/25,3/13/25,25, 	0.6 ,,,
,Jojo,Fullwood,FALSE,UNCW,14,3/1/25,3/11/25,5, 	0.6 ,,,
,Adrian,Samuels,TRUE,American,16,3/12/25,3/12/25,14, 	0.6 ,,,
,Marino,Dubravcic,FALSE,Baylor,9,3/13/25,3/13/25,16, 	0.6 ,,,
,Cameron,Sheffield,FALSE,Duke,1,3/3/25,3/15/25,9, 	0.6 ,,,
,Gehrig,Normand,FALSE,Mich. St.,2,1/28/25,3/15/25,9, 	0.6 ,,,
,Jeannot,Basima,FALSE,Yale,13,3/15/25,3/16/25,9, 	0.6 ,,,
,Jack,Ingold,FALSE,Lipscomb,14,3/3/25,3/9/25,11, 	0.5 ,,,
,Joe,Few,FALSE,Gonzaga,8,3/1/25,3/11/25,13, 	0.5 ,,,
,Quinton,Webb,FALSE,New Mexico,10,3/1/25,3/14/25,13, 	0.5 ,,,
,Mason,Whittaker,TRUE,American,16,3/12/25,3/12/25,21, 	0.5 ,,,
,Neal,Begovich,FALSE,Duke,1,3/3/25,3/15/25,8, 	0.5 ,,,
,Jt,Rock,FALSE,Iowa St.,3,2/18/25,3/13/25,8, 	0.5 ,,,
,Camren,Hunter,FALSE,Wisconsin,3,3/8/25,3/16/25,6, 	0.5 ,,,
,Cade,Bennett,FALSE,Saint Mary's,7,3/10/25,3/11/25,20, 	0.5 ,,,
,Sami,Osmani,FALSE,Creighton,9,3/8/25,3/15/25,6, 	0.5 ,,,
,JC,Shirer Jr.,FALSE,Liberty,12,3/12/25,3/15/25,8, 	0.5 ,,,
,Kameryn,Mitchell,FALSE,Troy,14,2/22/25,3/10/25,6, 	0.5 ,,,
,Noah,Jones,TRUE,American,16,2/15/25,3/12/25,4, 	0.5 ,,,
,Jared,Harris,FALSE,Memphis,5,3/16/25,3/16/25,15, 	0.5 ,,,
,Erik,Villarreal,FALSE,McNeese,12,3/3/25,3/12/25,7, 	0.4 ,,,
,Adam,Shoff,FALSE,Montana,14,2/1/25,3/12/25,7, 	0.4 ,,,
,Cj,Williams,FALSE,Auburn,1,2/4/25,3/15/25,5, 	0.4 ,,,
,Addison,Arnold,FALSE,Arizona,4,1/7/25,3/15/25,5, 	0.4 ,,,
,Sam,King,FALSE,Purdue,4,3/4/25,3/14/25,5, 	0.4 ,,,
,Cameron,Brown,FALSE,Marquette,7,2/25/25,3/14/25,5, 	0.4 ,,,
,Jack,Anderson,FALSE,Marquette,7,2/25/25,3/14/25,5, 	0.4 ,,,
,Jake,Ciardo,FALSE,Marquette,7,2/25/25,3/14/25,5, 	0.4 ,,,
,Russell,Hawkins,TRUE,North Carolina,11,3/12/25,3/14/25,5, 	0.4 ,,,
,Cade,Kelderman,FALSE,Iowa St.,3,3/13/25,3/13/25,13, 	0.4 ,,,
,Kayden,Fish,FALSE,Iowa St.,3,2/18/25,3/13/25,8, 	0.4 ,,,
,Liam,Lloyd,FALSE,Arizona,4,1/21/25,3/15/25,8, 	0.4 ,,,
,Frank,Anselem-Ibe,FALSE,Louisville,8,3/14/25,3/15/25,23, 	0.3 ,,,
,Leon,Horner,FALSE,Texas Tech,3,3/14/25,3/14/25,6, 	0.3 ,,,
,Jack,Robison,FALSE,Wisconsin,3,3/14/25,3/16/25,9, 	0.3 ,,,
,Jace,Rayl,FALSE,Purdue,4,3/4/25,3/14/25,3, 	0.3 ,,,
,Daniel,Nauseef,FALSE,Clemson,5,3/8/25,3/14/25,3, 	0.3 ,,,
,Jack,Seidler,FALSE,UCLA,7,3/14/25,3/14/25,6, 	0.3 ,,,
,Trey,Jackson iii,FALSE,Miss. St.,8,1/4/25,3/13/25,3, 	0.3 ,,,
,Harrison,Alexander,FALSE,Miss. St.,8,3/12/25,3/13/25,9, 	0.3 ,,,
,AJ,Redd,FALSE,Illinois,6,3/13/25,3/14/25,10, 	0.3 ,,,
,Jack,Francis,FALSE,Texas Tech,3,3/8/25,3/14/25,7, 	0.3 ,,,
,Max,Scharnowski,FALSE,Alabama,2,3/14/25,3/15/25,8, 	0.3 ,,,
,Aidan,Mccool,FALSE,Louisville,8,3/5/25,3/15/25,4, 	0.3 ,,,
,Obinnaya,Okafor,FALSE,VCU,11,2/28/25,3/16/25,8, 	0.3 ,,,
,Jason,Amador,FALSE,Grand Canyon,13,3/12/25,3/15/25,8, 	0.3 ,,,
,Bishop,Boswell,FALSE,Tennessee,2,3/16/25,3/16/25,25, 	0.2 ,,,
,Corbin,Green,FALSE,Texas Tech,3,3/8/25,3/14/25,5, 	0.2 ,,,
,Daniel,Freitag,FALSE,Wisconsin,3,3/14/25,3/16/25,10, 	0.2 ,,,
,Chris,Hodges,FALSE,Wisconsin,3,3/14/25,3/16/25,6, 	0.2 ,,,
,Jayson,Williams-johnson,FALSE,Oregon,5,3/1/25,3/14/25,5, 	-   ,,,
,Robert,Cowherd,FALSE,Ole Miss,6,3/8/25,3/14/25,9, 	-   ,,,
,Spencer,Legg,FALSE,Louisville,8,2/12/25,3/15/25,3, 	-   ,,,
,Oleksandr,Kobzystyi,FALSE,Oregon,5,3/1/25,3/14/25,2, 	-   ,,,
,Patrick,Cassidy,FALSE,Kansas,7,2/22/25,3/13/25,5, 	-   ,,,
,Jeremy,Sanchez,FALSE,Missouri,6,3/14/25,3/14/25,2, 	-   ,,,
,Desai,Lopez,TRUE,San Diego St.,11,3/8/25,3/13/25,5, 	-   ,,,
,Jack,Lusk,FALSE,Purdue,4,3/4/25,3/14/25,4, 	-   ,,,
,Jaden,Karuletwa,FALSE,Arkansas,10,3/1/25,3/13/25,2, 	-   ,,,
,Cole,Sherman,FALSE,Louisville,8,3/8/25,3/15/25,4, 	-   ,,,
,Townsend,Tripple,FALSE,BYU,6,3/1/25,3/14/25,4, 	-   ,,,
,Elijah ,Crawford,FALSE,BYU,6,3/14/25,3/14/25,2, 	-   ,,,
,Josh,Furst,FALSE,Purdue,4,3/4/25,3/14/25,1, 	-   ,,,
,Luke,Champion,FALSE,Arizona,4,3/4/25,3/15/25,3, 	-   ,,,
,Isaac,Gard,FALSE,Wisconsin,3,2/25/25,3/16/25,5, 	-   ,,,
,Bennett,Andersen,FALSE,Florida,1,3/15/25,3/16/25,2, 	-   ,,,
,Noah,Haaland,FALSE,Gonzaga,8,2/15/25,3/11/25,2, 	-   ,,,
,Jonah,Lucas,FALSE,Marquette,7,2/25/25,3/14/25,5, 	-   ,,,
,Max,Triplett,FALSE,BYU,6,3/1/25,3/14/25,5, 	-   ,,,
,Luke,Murphy,FALSE,Colo. St.,12,3/4/25,3/15/25,7, 	-   ,,,
,Cam,Lawin,TRUE,San Diego St.,11,3/8/25,3/13/25,4, 	-   ,,,
,Andrew,Latiff,FALSE,Clemson,5,3/8/25,3/14/25,3, 	-   ,,,
,Reed,Trapp,FALSE,Auburn,1,1/14/25,3/15/25,1, 	-   ,,,
,James,Cooper,FALSE,Oregon,5,3/1/25,3/14/25,5, 	-   ,,,
,Ian,Burns,FALSE,Michigan,5,3/2/25,3/16/25,2, 	-   ,,,
,Stanley,Borden,FALSE,Duke,1,3/3/25,3/15/25,3, 	-   ,,,